Adidas Running FB Adjustable Cap (Grey/Black);http://www.yukka.co.uk/men/mens-clothing/hats-caps/adidas-mens-running-fb-caps-grey-black.html
Adidas EF Mutombo Snapback (Black/White);http://www.yukka.co.uk/men/mens-clothing/hats-caps/adidas-mens-ef-mutombo-caps-black-white.html
Adidas NBA LA Snapback (Yellow);http://www.yukka.co.uk/men/mens-clothing/hats-caps/adidas-mens-nba-la-caps-yellow.html
Adidas NBA Bulls Snapback (Red);http://www.yukka.co.uk/men/mens-clothing/hats-caps/adidas-mens-nba-bulls-caps-red.html
Adidas Trucker FB Snapback (Blue);http://www.yukka.co.uk/men/mens-clothing/hats-caps/adidas-mens-trucker-fb-caps-blue.html
State Property Two Tone NY Pom Beanie (Pink/Black);http://www.yukka.co.uk/men/mens-clothing/hats-caps/state-property-mens-two-tone-ny-pom-beanie-pink-black.html
State Property Two Tone NY Pom Beanie (Royal);http://www.yukka.co.uk/men/mens-clothing/hats-caps/state-property-mens-two-tone-ny-pom-beanie-royal.html
State Property Two Tone NY Pom Beanie (Grey/Black);http://www.yukka.co.uk/men/mens-clothing/hats-caps/state-property-mens-two-tone-ny-pom-beanie-grey-black.html
State Property NY Pom Beanie (Burgundy);http://www.yukka.co.uk/men/mens-clothing/hats-caps/state-property-mens-ny-pom-beanie-burgundy.html
State Property NY Pom Beanie (Dark Grey);http://www.yukka.co.uk/men/mens-clothing/hats-caps/state-property-mens-ny-pom-beanie-dark-grey.html
State Property NY Pom Beanie (Heather Grey);http://www.yukka.co.uk/men/mens-clothing/hats-caps/state-property-mens-ny-pom-beanie-heather-grey.html
State Property Mens NY Pom Beanie (Navy);http://www.yukka.co.uk/state-property-mens-ny-pom-beanie-navy.html
State Property Mens NY Pom Beanie (Pink);http://www.yukka.co.uk/state-property-mens-ny-pom-beanie-pink.html
State Property NY Pom Beanie (Purple);http://www.yukka.co.uk/men/mens-clothing/hats-caps/state-property-mens-ny-pom-beanie-purple.html
State Property NY Pom Beanie (Royal);http://www.yukka.co.uk/men/mens-clothing/hats-caps/state-property-mens-ny-pom-beanie-royal.html
State Property Two Tone Dope Pom Beanie (Grey/Black);http://www.yukka.co.uk/men/mens-clothing/hats-caps/state-property-mens-two-tone-dope-pom-beanie-grey-black.html
State Property Two Tone Dope Pom Beanie (Pink/Black);http://www.yukka.co.uk/men/mens-clothing/hats-caps/state-property-mens-two-tone-dope-pom-beanie-pink-black.html
State Property Two Tone Dope Pom Beanie (Royal);http://www.yukka.co.uk/men/mens-clothing/hats-caps/state-property-mens-two-tone-dope-pom-beanie-royal.html
State Property Dope Pom Beanie (Burgundy);http://www.yukka.co.uk/men/mens-clothing/hats-caps/state-property-mens-dope-pom-beanie-burgundy.html
State Property Dope Pom Beanie (Dark/Grey);http://www.yukka.co.uk/men/mens-clothing/hats-caps/state-property-mens-dope-pom-beanie-dark-grey.html
State Property Dope Pom Beanie (Heather/Grey);http://www.yukka.co.uk/men/mens-clothing/hats-caps/state-property-mens-dope-pom-beanie-heather-grey.html
State Property Dope Pom Beanie (Pink);http://www.yukka.co.uk/men/mens-clothing/hats-caps/state-property-mens-dope-pom-beanie-pink.html
State Property Dope Pom Beanie (Navy);http://www.yukka.co.uk/men/mens-clothing/hats-caps/state-property-mens-dope-pom-beanie-navy.html
State Property Dope Pom Beanie (Purple);http://www.yukka.co.uk/men/mens-clothing/hats-caps/state-property-mens-dope-pom-beanie-purple.html
State Property Dope Pom Beanie (Royal);http://www.yukka.co.uk/men/mens-clothing/hats-caps/state-property-mens-dope-pom-beanie-royal.html
State Property Mens Dope Pom Beanie (Black);http://www.yukka.co.uk/state-property-mens-dope-pom-beanie-black.html
State Property Two Tone Kush Pom Beanie (Royal);http://www.yukka.co.uk/men/mens-clothing/hats-caps/state-property-mens-two-tone-kush-pom-beanie-royal.html
State Property Two Tone Kush Pom Beanie (Pink/Black);http://www.yukka.co.uk/men/mens-clothing/hats-caps/state-property-mens-two-tone-kush-pom-beanie-pink-black.html
State Property Two Tone Kush Pom Beanie (Grey/Black);http://www.yukka.co.uk/men/mens-clothing/hats-caps/state-property-mens-two-tone-kush-pom-beanie-grey-black.html
State Property Kush Pom Beanie (Navy);http://www.yukka.co.uk/men/mens-clothing/hats-caps/state-property-mens-kush-pom-beanie-navy.html
State Property Kush Pom Beanie (Heather/Grey);http://www.yukka.co.uk/men/mens-clothing/hats-caps/state-property-mens-kush-pom-beanie-heather-grey.html
State Property Kush Pom Beanie (Pink);http://www.yukka.co.uk/men/mens-clothing/hats-caps/state-property-mens-kush-pom-beanie-pink.html
